{"cameraMode":{"drawMode":0,"name":"Shaded","section":"Shading Mode"},"sceneLighting":true,"audioPlay":false,"sceneViewState":{"m_AlwaysRefresh":false,"showFog":true,"showSkybox":true,"showFlares":true,"showImageEffects":true,"showParticleSystems":true,"showVisualEffectGraphs":true,"m_FxEnabled":true},"in2DMode":false,"pivot":{"x":42.12494659423828,"y":4.638689041137695,"z":26.257457733154298},"rotation":{"x":0.13320812582969666,"y":-0.8378163576126099,"z":0.23531131446361543,"w":0.4742758870124817},"size":2.2876315116882326,"orthographic":false}